Id,class_0,class_1
00eed32682bb,0.7104704976081848,0.2895295
010ebe33f668,0.7104704976081848,0.2895295
02fa521e1838,0.7104704976081848,0.2895295
040e15f562a2,0.7104704976081848,0.2895295
046e85c7cc7f,0.7104704976081848,0.2895295
