Id,class_0,class_1
00eed32682bb,0.7586434185504913,0.24135658
010ebe33f668,0.7586434185504913,0.24135658
02fa521e1838,0.7586434185504913,0.24135658
040e15f562a2,0.7586434185504913,0.24135658
046e85c7cc7f,0.7586434185504913,0.24135658
