Id,class_0,class_1
00eed32682bb,0.7353909313678741,0.26460907
010ebe33f668,0.7353909313678741,0.26460907
02fa521e1838,0.7353909313678741,0.26460907
040e15f562a2,0.7353909313678741,0.26460907
046e85c7cc7f,0.7353909313678741,0.26460907
