Id,class_0,class_1
00eed32682bb,0.6713427901268005,0.3286572
010ebe33f668,0.6713427901268005,0.3286572
02fa521e1838,0.6713427901268005,0.3286572
040e15f562a2,0.6713427901268005,0.3286572
046e85c7cc7f,0.6713427901268005,0.3286572
