Id,class_0,class_1
00eed32682bb,0.5209871232509613,0.47901288
010ebe33f668,0.5209871232509613,0.47901288
02fa521e1838,0.5209871232509613,0.47901288
040e15f562a2,0.5209871232509613,0.47901288
046e85c7cc7f,0.5209871232509613,0.47901288
